picture_name,hair,assymetry,border,color,marker,elevation,texture
imgname,"1-little hair, 2-some hair, 3-a lot hair","0-symmetrical, 1-assymetrical","0-round, 1-eliptic, 2-irregular","0-non-uniform, 1-uniform","1-little to no marker, 2-some marker, 3-lots of marker","0-flat, 1-little elevated, 2-popping out","0-smooth, 1-crusty"
PAT_16_24_691,1,0,0,1,1,1,0
PAT_21_982_266,1,1,2,0,2,0,0
PAT_34_47_108,1,1,2,0,1,0,0
PAT_65_101_847,1,1,0,1,1,0,0
PAT_76_1039_269,1,1,2,0,1,0,1
PAT_79_120_532,1,1,2,0,1,0,0
PAT_87_133_159,1,1,0,1,1,0,0
PAT_89_135_11,1,0,2,0,1,1,1
PAT_109_868_113,2,1,0,0,1,0,0
PAT_121_184_502,1,0,0,1,1,1,0
PAT_131_197_260,1,1,2,0,2,1,1
PAT_138_206_507,3,1,2,0,3,0,1
PAT_145_216_110,1,1,2,0,1,0,1
PAT_146_217_187,2,1,2,0,1,0,1
PAT_164_255_119,1,0,2,1,1,0,0
PAT_217_1290_283,1,1,1,0,1,0,1
PAT_221_339_566,2,0,1,0,1,1,0
PAT_224_343_782,1,1,2,1,1,1,0
PAT_241_367_374,1,1,2,0,1,1,1
PAT_242_369_930,2,0,0,0,1,1,0
PAT_252_383_31,2,1,2,0,1,2,1
PAT_255_388_77,2,1,2,0,1,0,1
PAT_263_403_382,2,1,2,0,1,2,1
PAT_265_406_276,1,0,0,0,1,1,0
PAT_267_1061_324,1,0,0,1,1,2,0
PAT_269_415_103,3,1,2,0,2,1,1
PAT_276_425_539,1,0,0,0,3,2,0
PAT_287_440_729,2,1,2,0,1,1,1
PAT_309_662_76,1,1,1,0,2,0,1
PAT_319_680_832,1,0,1,0,1,0,1
PAT_330_695_90,1,1,0,1,2,1,0
PAT_368_2427_803,3,1,2,1,1,0,0
PAT_423_839_596,2,1,2,0,1,1,0
PAT_432_851_560,1,0,0,1,1,1,0
PAT_441_861_415,1,1,2,0,1,0,0
PAT_489_932_138,1,1,0,1,1,1,1
PAT_492_937_43,2,1,2,0,1,0,1
PAT_522_985_991,2,0,0,0,1,1,1
PAT_527_1360_225,3,0,0,0,2,1,1
PAT_528_993_589,2,0,1,0,3,1,1
PAT_557_1058_309,1,0,0,0,1,2,0
PAT_559_1093_774,2,1,2,0,1,0,1
PAT_566_179_23,1,1,2,1,1,0,0
PAT_575_1088_134,1,1,0,1,1,1,0
PAT_580_1104_684,1,0,0,0,1,2,0
PAT_590_1121_504,2,0,0,0,1,0,0
PAT_597_1139_181,1,1,2,1,3,0,0
PAT_667_1264_8,1,1,2,0,1,0,1
PAT_678_1287_652,1,0,1,1,1,0,0
PAT_679_1286_677,3,1,2,0,1,1,1
PAT_692_1308_364,1,1,2,1,1,0,0
PAT_695_1314_822,1,1,0,1,2,0,1
PAT_701_4056_457,3,0,0,1,1,1,0
PAT_735_1391_261,3,0,0,1,1,0,0
PAT_747_1410_179,3,0,0,0,1,0,1
PAT_757_1431_907,1,1,2,1,1,1,0
PAT_764_1448_499,2,0,0,1,3,0,1
PAT_767_1501_691,2,0,0,1,1,0,1
PAT_793_1512_382,1,0,0,1,2,0,0
PAT_793_1512_513,1,0,0,1,2,0,0
PAT_805_1517_154,1,0,0,0,3,1,1
PAT_827_1599_248,2,0,0,0,1,2,0
PAT_838_1586_622,1,1,2,1,1,1,0
PAT_840_1595_981,2,1,1,0,1,0,1
PAT_849_1612_143,2,1,1,0,1,0,1
PAT_858_1633_926,1,1,2,0,1,0,0
PAT_874_1671_938,1,1,2,0,1,1,1
PAT_876_1665_569,1,0,1,1,2,1,0
PAT_878_1663_7,2,0,0,1,1,0,1
PAT_902_1718_852,1,0,2,1,1,0,0
PAT_935_1786_482,3,1,2,1,1,0,0
PAT_962_1823_942,2,1,2,0,1,0,1
PAT_987_1859_859,2,1,2,0,1,1,0
PAT_996_6_367,1,1,2,0,1,0,0
PAT_1000_31_620,1,1,2,0,1,0,0
PAT_1068_285_845,1,1,2,1,1,0,0
PAT_1074_322_662,2,1,2,0,1,0,0
PAT_1082_342_705,2,0,0,1,3,0,1
PAT_1109_437_254,2,0,1,1,1,2,0
PAT_1124_489_151,1,1,0,1,3,0,0
PAT_1275_955_131,3,1,0,0,1,0,1
PAT_1286_1000_517,2,1,2,0,1,1,1
PAT_1308_1095_117,1,0,0,1,1,2,0
PAT_1330_1172_722,1,0,0,1,1,0,0
PAT_1334_1178_413,1,0,0,1,1,1,0
PAT_1374_1285_735,1,1,2,0,1,0,0
PAT_1374_1286_775,2,1,2,0,1,0,0
PAT_1393_1355_316,2,1,2,0,1,0,0
PAT_1460_1598_708,1,1,2,0,1,0,1
PAT_1483_1678_538,3,0,0,1,2,0,1
PAT_1498_1719_816,3,1,2,0,3,0,1
PAT_1509_1741_810,2,1,2,1,1,0,0
PAT_1520_1777_935,1,0,1,0,1,1,0
PAT_1557_2399_681,1,1,2,0,1,0,1
PAT_1620_2779_319,1,0,0,1,3,0,0
PAT_1633_2855_460,2,1,2,0,1,0,0
PAT_1639_2879_744,1,0,0,1,1,2,0
PAT_1682_3050_600,2,0,0,0,1,0,0
PAT_1708_3155_581,2,1,2,0,2,0,0
PAT_1709_3159_144,1,1,2,1,1,1,0
PAT_1722_3214_672,2,1,2,0,1,0,0
PAT_1754_3306_816,1,1,1,0,1,0,0
PAT_1755_3309_828,1,1,2,1,1,0,0
PAT_1765_3337_365,1,0,0,0,1,1,1
PAT_1767_3340_959,3,1,2,0,1,0,0
PAT_1840_3612_959,2,1,2,0,1,0,0
PAT_1871_3666_675,1,0,1,0,1,1,1
PAT_1976_4000_701,3,1,2,0,1,0,0
PAT_1980_4018_929,1,1,2,0,1,0,0
PAT_1993_4076_174,1,1,2,0,1,0,0
PAT_2008_4126_489,1,1,2,0,1,0,0
PAT_2080_4484_997,1,0,0,0,3,0,0
PAT_2081_4488_57,3,1,2,1,2,0,0
PAT_2140_4726_85,2,0,0,1,1,0,0
PAT_2142_4733_13,1,1,2,1,3,0,0
PAT_2161_4818_501,2,0,2,0,1,0,0
